{"RuleTriggered": 0, "Violations": 0, "Details": {"pin_memory": false, "num_workers": 0, "cores": 8, "dataloaders": 1, "dataloading_time": {"p25": 1.67942575, "p50": 1.7413165, "p95": 1.9154585499999999, "probs": [1, 0, 0, 0, 0, 0, 0, 0, 0, 0, 0, 0, 0, 0, 0, 0, 0, 0, 0, 0, 0, 0, 1, 0, 0, 0, 0, 0, 0, 0, 0, 0, 0, 0, 0, 0, 0, 0, 0, 0, 0, 0, 0, 0, 0, 0, 0, 0, 0, 0, 0, 0, 0, 0, 0, 1, 1, 0, 0, 0, 0, 0, 0, 1, 1, 0, 1, 0, 1, 0, 1, 0, 0, 0, 0, 0, 0, 0, 0, 0, 0, 0, 0, 0, 0, 0, 0, 0, 0, 0, 0, 0, 0, 0, 0, 0, 0, 0, 0, 1], "binedges": [1.247068, 1.2547762, 1.2624844000000002, 1.2701926000000001, 1.2779008, 1.285609, 1.2933172000000002, 1.3010254, 1.3087336, 1.3164418, 1.3241500000000002, 1.3318582, 1.3395664, 1.3472746, 1.3549828000000002, 1.362691, 1.3703992, 1.3781074000000002, 1.3858156000000001, 1.3935238, 1.401232, 1.4089402, 1.4166484000000001, 1.4243566, 1.4320648, 1.4397730000000002, 1.4474812000000001, 1.4551894, 1.4628976, 1.4706058000000002, 1.4783140000000001, 1.4860222, 1.4937304, 1.5014386000000002, 1.5091468000000001, 1.516855, 1.5245632000000002, 1.5322714000000002, 1.5399796000000001, 1.5476878, 1.555396, 1.5631042000000002, 1.5708124, 1.5785206, 1.5862288000000002, 1.5939370000000002, 1.6016452, 1.6093534, 1.6170616, 1.6247698000000002, 1.632478, 1.6401862, 1.6478944000000002, 1.6556026000000001, 1.6633108, 1.6710190000000003, 1.6787272000000002, 1.6864354000000001, 1.6941436, 1.7018518, 1.7095600000000002, 1.7172682000000001, 1.7249764, 1.7326846000000002, 1.7403928000000002, 1.7481010000000001, 1.7558092000000003, 1.7635174, 1.7712256000000002, 1.7789338000000001, 1.786642, 1.7943502000000002, 1.8020584000000002, 1.8097666000000001, 1.8174748000000003, 1.825183, 1.8328912000000002, 1.8405994, 1.8483076, 1.8560158000000002, 1.8637240000000002, 1.8714322, 1.8791404000000003, 1.8868486, 1.8945568000000002, 1.902265, 1.9099732, 1.9176814000000002, 1.9253896000000001, 1.9330978, 1.9408060000000003, 1.9485142000000002, 1.9562224000000001, 1.9639306000000003, 1.9716388, 1.9793470000000002, 1.9870552000000001, 1.9947634, 2.0024716000000002, 2.0101798000000004, 2.017888]}}, "Datapoints": 10, "RuleParameters": "min_threshold:70\nmax_threshold:200"}