{"RuleTriggered": 0, "Violations": 0, "Details": {"step_num": {"first": 1659467343630814, "last": 1659469012249438}, "job_start": 1659467195.501298, "job_end": 1659469019.501385}, "Datapoints": 145, "RuleParameters": "threshold:20"}