{"RuleTriggered": 0, "Violations": 0, "Details": {"ratio": {"cpu_functions": 100.0}, "phase": {"Step:ModeKeys.TRAIN": 93.62172986423026, "others": -4.11958189876716, "Step:ModeKeys.EVAL": 10.497852034536898}, "phase_time": {}, "CPU": {"conv2d": 19.494450297214122, "convolution": 19.49223744412533, "_convolution": 19.491010184496872, "mkldnn_convolution": 19.48411699413919, "batch_norm": 5.057860792653416, "_batch_norm_impl_index": 5.055641197804568, "native_batch_norm": 5.053208200320136, "max_pool2d": 2.206935638553375, "max_pool2d_with_indices": 2.130475522681397, "avg_pool2d": 2.534063728011594}, "CPU_total": {"conv2d": 75181511, "convolution": 75172977, "_convolution": 75168244, "mkldnn_convolution": 75141660, "batch_norm": 19505942, "_batch_norm_impl_index": 19497382, "native_batch_norm": 19487999, "max_pool2d": 8511179, "max_pool2d_with_indices": 8216306, "avg_pool2d": 9772768}, "general": {"DataLoaderIterInitialize": 0.0005134578832537982, "DataLoaderIter": 0.8889602272681341, "Forward": 99.11052631484861}}, "Datapoints": 0, "RuleParameters": ""}