{"RuleTriggered": 0, "Violations": 0, "Details": {"step_details": {"algo-1-26": {"step_stats": {"mean": 13.100714992248061, "max": 24.37051, "p99": 24.297522, "p95": 23.4495022, "p50": 12.103707, "min": 2.219358}, "number_of_outliers": 0, "phase": "Step:ModeKeys.TRAIN", "stddev": 3.79, "probs": [2, 0, 0, 0, 0, 0, 0, 0, 0, 0, 0, 0, 0, 0, 0, 0, 0, 0, 0, 0, 0, 0, 0, 0, 0, 0, 0, 0, 0, 0, 0, 0, 0, 0, 0, 0, 0, 0, 1, 2, 6, 9, 21, 15, 15, 17, 7, 11, 3, 6, 0, 0, 0, 0, 0, 0, 0, 0, 0, 0, 0, 0, 0, 0, 0, 0, 0, 0, 0, 0, 0, 0, 0, 0, 0, 1, 0, 0, 0, 0, 0, 0, 0, 0, 0, 0, 0, 0, 0, 0, 0, 0, 0, 4, 0, 3, 1, 2, 0, 3], "binedges": [2.219358, 2.44086952, 2.66238104, 2.88389256, 3.10540408, 3.3269156000000004, 3.5484271200000004, 3.7699386400000003, 3.9914501600000003, 4.21296168, 4.4344732, 4.65598472, 4.87749624, 5.09900776, 5.32051928, 5.5420308, 5.76354232, 5.98505384, 6.20656536, 6.428076880000001, 6.649588400000001, 6.871099920000001, 7.092611440000001, 7.314122960000001, 7.535634480000001, 7.7571460000000005, 7.9786575200000005, 8.20016904, 8.42168056, 8.64319208, 8.8647036, 9.08621512, 9.30772664, 9.52923816, 9.75074968, 9.9722612, 10.19377272, 10.41528424, 10.63679576, 10.85830728, 11.0798188, 11.30133032, 11.52284184, 11.74435336, 11.96586488, 12.1873764, 12.40888792, 12.63039944, 12.85191096, 13.07342248, 13.294934, 13.51644552, 13.73795704, 13.95946856, 14.18098008, 14.4024916, 14.62400312, 14.84551464, 15.06702616, 15.28853768, 15.5100492, 15.73156072, 15.95307224, 16.17458376, 16.39609528, 16.6176068, 16.83911832, 17.06062984, 17.28214136, 17.50365288, 17.7251644, 17.94667592, 18.16818744, 18.38969896, 18.61121048, 18.832722, 19.05423352, 19.27574504, 19.49725656, 19.71876808, 19.9402796, 20.16179112, 20.38330264, 20.60481416, 20.82632568, 21.0478372, 21.26934872, 21.49086024, 21.71237176, 21.93388328, 22.1553948, 22.37690632, 22.59841784, 22.81992936, 23.04144088, 23.2629524, 23.48446392, 23.70597544, 23.92748696, 24.14899848, 24.37051], "step_numbers": []}}}, "Datapoints": 145, "RuleParameters": "threshold:3\nmode:None\nn_outliers:10\nstddev:3"}